[
    {
        "TradeID":1,
        "Commodity":"Power",
        "TradeType":"BUY",
        "Volume":193.52,
        "Price":191.13,
        "Currency":"GBP",
        "DeliveryStart":"2025-01-08",
        "DeliveryEnd":"2025-01-16",
        "Periodicity":"Monthly"
    },
    {
        "TradeID":2,
        "Commodity":"Gas",
        "TradeType":"BUY",
        "Volume":368.68,
        "Price":127.76,
        "Currency":"GBP",
        "DeliveryStart":"2025-01-29",
        "DeliveryEnd":"2025-02-16",
        "Periodicity":"Quarterly"
    },
    {
        "TradeID":3,
        "Commodity":"Power",
        "TradeType":"SELL",
        "Volume":86.45,
        "Price":48.08,
        "Currency":"USD",
        "DeliveryStart":"2025-01-03",
        "DeliveryEnd":"2025-01-10",
        "Periodicity":"Daily"
    },
    {
        "TradeID":4,
        "Commodity":"Gas",
        "TradeType":"BUY",
        "Volume":38.46,
        "Price":175.91,
        "Currency":"GBP",
        "DeliveryStart":"2025-01-23",
        "DeliveryEnd":"2025-02-13",
        "Periodicity":"Daily"
    },
    {
        "TradeID":5,
        "Commodity":"Coal",
        "TradeType":"BUY",
        "Volume":304.55,
        "Price":147.45,
        "Currency":"EUR",
        "DeliveryStart":"2025-01-09",
        "DeliveryEnd":"2025-02-04",
        "Periodicity":"Quarterly"
    },
    {
        "TradeID":6,
        "Commodity":"Power",
        "TradeType":"BUY",
        "Volume":20.09,
        "Price":194.58,
        "Currency":"GBP",
        "DeliveryStart":"2025-01-11",
        "DeliveryEnd":"2025-01-20",
        "Periodicity":"Monthly"
    },
    {
        "TradeID":7,
        "Commodity":"Gas",
        "TradeType":"BUY",
        "Volume":417.9,
        "Price":58.22,
        "Currency":"EUR",
        "DeliveryStart":"2025-01-03",
        "DeliveryEnd":"2025-01-16",
        "Periodicity":"Daily"
    },
    {
        "TradeID":8,
        "Commodity":"Power",
        "TradeType":"SELL",
        "Volume":99.09,
        "Price":53.01,
        "Currency":"EUR",
        "DeliveryStart":"2025-01-09",
        "DeliveryEnd":"2025-02-04",
        "Periodicity":"Quarterly"
    },
    {
        "TradeID":9,
        "Commodity":"Power",
        "TradeType":"SELL",
        "Volume":159.08,
        "Price":114.46,
        "Currency":"GBP",
        "DeliveryStart":"2025-01-30",
        "DeliveryEnd":"2025-02-12",
        "Periodicity":"Daily"
    },
    {
        "TradeID":10,
        "Commodity":"Power",
        "TradeType":"SELL",
        "Volume":221.65,
        "Price":72.42,
        "Currency":"GBP",
        "DeliveryStart":"2025-01-29",
        "DeliveryEnd":"2025-02-26",
        "Periodicity":"Quarterly"
    },
    {
        "TradeID":11,
        "Commodity":"Oil",
        "TradeType":"BUY",
        "Volume":309.81,
        "Price":45.11,
        "Currency":"GBP",
        "DeliveryStart":"2025-01-02",
        "DeliveryEnd":"2025-01-24",
        "Periodicity":"Daily"
    },
    {
        "TradeID":12,
        "Commodity":"Gas",
        "TradeType":"SELL",
        "Volume":153.15,
        "Price":85.95,
        "Currency":"USD",
        "DeliveryStart":"2025-01-28",
        "DeliveryEnd":"2025-02-01",
        "Periodicity":"Daily"
    },
    {
        "TradeID":13,
        "Commodity":"Coal",
        "TradeType":"SELL",
        "Volume":233.47,
        "Price":161.33,
        "Currency":"EUR",
        "DeliveryStart":"2025-01-27",
        "DeliveryEnd":"2025-02-08",
        "Periodicity":"Quarterly"
    },
    {
        "TradeID":14,
        "Commodity":"Gas",
        "TradeType":"SELL",
        "Volume":107.84,
        "Price":112.56,
        "Currency":"EUR",
        "DeliveryStart":"2025-01-22",
        "DeliveryEnd":"2025-01-31",
        "Periodicity":"Daily"
    },
    {
        "TradeID":15,
        "Commodity":"Power",
        "TradeType":"BUY",
        "Volume":300.28,
        "Price":28.36,
        "Currency":"GBP",
        "DeliveryStart":"2025-01-08",
        "DeliveryEnd":"2025-01-14",
        "Periodicity":"Quarterly"
    },
    {
        "TradeID":16,
        "Commodity":"Coal",
        "TradeType":"SELL",
        "Volume":307.7,
        "Price":50.69,
        "Currency":"EUR",
        "DeliveryStart":"2025-01-23",
        "DeliveryEnd":"2025-02-10",
        "Periodicity":"Quarterly"
    },
    {
        "TradeID":17,
        "Commodity":"Gas",
        "TradeType":"SELL",
        "Volume":41.88,
        "Price":190.8,
        "Currency":"USD",
        "DeliveryStart":"2025-01-27",
        "DeliveryEnd":"2025-01-29",
        "Periodicity":"Daily"
    },
    {
        "TradeID":18,
        "Commodity":"Oil",
        "TradeType":"SELL",
        "Volume":483.16,
        "Price":165.51,
        "Currency":"EUR",
        "DeliveryStart":"2025-01-07",
        "DeliveryEnd":"2025-02-06",
        "Periodicity":"Daily"
    },
    {
        "TradeID":19,
        "Commodity":"Oil",
        "TradeType":"BUY",
        "Volume":159.26,
        "Price":37.58,
        "Currency":"GBP",
        "DeliveryStart":"2025-01-13",
        "DeliveryEnd":"2025-02-11",
        "Periodicity":"Monthly"
    },
    {
        "TradeID":20,
        "Commodity":"Coal",
        "TradeType":"BUY",
        "Volume":345.27,
        "Price":99.23,
        "Currency":"EUR",
        "DeliveryStart":"2025-01-08",
        "DeliveryEnd":"2025-02-01",
        "Periodicity":"Daily"
    },
    {
        "TradeID":21,
        "Commodity":"Oil",
        "TradeType":"SELL",
        "Volume":69.8,
        "Price":109.13,
        "Currency":"GBP",
        "DeliveryStart":"2025-01-12",
        "DeliveryEnd":"2025-01-20",
        "Periodicity":"Monthly"
    },
    {
        "TradeID":22,
        "Commodity":"Gas",
        "TradeType":"SELL",
        "Volume":26.85,
        "Price":183.68,
        "Currency":"USD",
        "DeliveryStart":"2025-01-28",
        "DeliveryEnd":"2025-02-01",
        "Periodicity":"Daily"
    },
    {
        "TradeID":23,
        "Commodity":"Gas",
        "TradeType":"BUY",
        "Volume":136.8,
        "Price":139.25,
        "Currency":"GBP",
        "DeliveryStart":"2025-01-20",
        "DeliveryEnd":"2025-01-23",
        "Periodicity":"Monthly"
    },
    {
        "TradeID":24,
        "Commodity":"Coal",
        "TradeType":"SELL",
        "Volume":162.74,
        "Price":113.61,
        "Currency":"GBP",
        "DeliveryStart":"2025-01-17",
        "DeliveryEnd":"2025-01-26",
        "Periodicity":"Monthly"
    },
    {
        "TradeID":25,
        "Commodity":"Power",
        "TradeType":"BUY",
        "Volume":277.89,
        "Price":53.27,
        "Currency":"GBP",
        "DeliveryStart":"2025-01-25",
        "DeliveryEnd":"2025-02-03",
        "Periodicity":"Quarterly"
    },
    {
        "TradeID":26,
        "Commodity":"Oil",
        "TradeType":"BUY",
        "Volume":485.1,
        "Price":159.52,
        "Currency":"EUR",
        "DeliveryStart":"2025-01-06",
        "DeliveryEnd":"2025-01-21",
        "Periodicity":"Monthly"
    },
    {
        "TradeID":27,
        "Commodity":"Power",
        "TradeType":"SELL",
        "Volume":470.35,
        "Price":181.07,
        "Currency":"GBP",
        "DeliveryStart":"2025-01-17",
        "DeliveryEnd":"2025-02-16",
        "Periodicity":"Daily"
    },
    {
        "TradeID":28,
        "Commodity":"Power",
        "TradeType":"SELL",
        "Volume":302.97,
        "Price":185.94,
        "Currency":"GBP",
        "DeliveryStart":"2025-01-20",
        "DeliveryEnd":"2025-01-27",
        "Periodicity":"Quarterly"
    },
    {
        "TradeID":29,
        "Commodity":"Gas",
        "TradeType":"SELL",
        "Volume":53.36,
        "Price":55.28,
        "Currency":"USD",
        "DeliveryStart":"2025-01-31",
        "DeliveryEnd":"2025-02-25",
        "Periodicity":"Quarterly"
    },
    {
        "TradeID":30,
        "Commodity":"Power",
        "TradeType":"SELL",
        "Volume":32.16,
        "Price":78.56,
        "Currency":"EUR",
        "DeliveryStart":"2025-01-04",
        "DeliveryEnd":"2025-02-03",
        "Periodicity":"Daily"
    },
    {
        "TradeID":31,
        "Commodity":"Oil",
        "TradeType":"SELL",
        "Volume":200.45,
        "Price":68.84,
        "Currency":"USD",
        "DeliveryStart":"2025-01-08",
        "DeliveryEnd":"2025-02-06",
        "Periodicity":"Daily"
    },
    {
        "TradeID":32,
        "Commodity":"Power",
        "TradeType":"BUY",
        "Volume":416.08,
        "Price":84.22,
        "Currency":"GBP",
        "DeliveryStart":"2025-01-27",
        "DeliveryEnd":"2025-01-30",
        "Periodicity":"Monthly"
    },
    {
        "TradeID":33,
        "Commodity":"Gas",
        "TradeType":"BUY",
        "Volume":147.66,
        "Price":117.69,
        "Currency":"GBP",
        "DeliveryStart":"2025-01-31",
        "DeliveryEnd":"2025-02-18",
        "Periodicity":"Monthly"
    },
    {
        "TradeID":34,
        "Commodity":"Gas",
        "TradeType":"SELL",
        "Volume":79.05,
        "Price":164.4,
        "Currency":"GBP",
        "DeliveryStart":"2025-01-14",
        "DeliveryEnd":"2025-01-21",
        "Periodicity":"Quarterly"
    },
    {
        "TradeID":35,
        "Commodity":"Gas",
        "TradeType":"SELL",
        "Volume":46.53,
        "Price":197.64,
        "Currency":"EUR",
        "DeliveryStart":"2025-01-21",
        "DeliveryEnd":"2025-02-02",
        "Periodicity":"Quarterly"
    },
    {
        "TradeID":36,
        "Commodity":"Coal",
        "TradeType":"SELL",
        "Volume":388.4,
        "Price":55.77,
        "Currency":"USD",
        "DeliveryStart":"2025-01-08",
        "DeliveryEnd":"2025-01-11",
        "Periodicity":"Daily"
    },
    {
        "TradeID":37,
        "Commodity":"Oil",
        "TradeType":"BUY",
        "Volume":12.71,
        "Price":166.78,
        "Currency":"GBP",
        "DeliveryStart":"2025-01-08",
        "DeliveryEnd":"2025-01-27",
        "Periodicity":"Quarterly"
    },
    {
        "TradeID":38,
        "Commodity":"Gas",
        "TradeType":"BUY",
        "Volume":356.36,
        "Price":151.22,
        "Currency":"USD",
        "DeliveryStart":"2025-01-21",
        "DeliveryEnd":"2025-01-23",
        "Periodicity":"Quarterly"
    },
    {
        "TradeID":39,
        "Commodity":"Gas",
        "TradeType":"BUY",
        "Volume":387.92,
        "Price":33.33,
        "Currency":"USD",
        "DeliveryStart":"2025-01-03",
        "DeliveryEnd":"2025-01-20",
        "Periodicity":"Monthly"
    },
    {
        "TradeID":40,
        "Commodity":"Gas",
        "TradeType":"SELL",
        "Volume":185.65,
        "Price":40.86,
        "Currency":"GBP",
        "DeliveryStart":"2025-01-07",
        "DeliveryEnd":"2025-01-25",
        "Periodicity":"Monthly"
    },
    {
        "TradeID":41,
        "Commodity":"Gas",
        "TradeType":"SELL",
        "Volume":432.92,
        "Price":132.19,
        "Currency":"USD",
        "DeliveryStart":"2025-01-26",
        "DeliveryEnd":"2025-02-09",
        "Periodicity":"Monthly"
    },
    {
        "TradeID":42,
        "Commodity":"Gas",
        "TradeType":"BUY",
        "Volume":172.14,
        "Price":31.44,
        "Currency":"USD",
        "DeliveryStart":"2025-01-14",
        "DeliveryEnd":"2025-01-26",
        "Periodicity":"Quarterly"
    },
    {
        "TradeID":43,
        "Commodity":"Coal",
        "TradeType":"SELL",
        "Volume":162.38,
        "Price":78.53,
        "Currency":"EUR",
        "DeliveryStart":"2025-01-02",
        "DeliveryEnd":"2025-01-24",
        "Periodicity":"Quarterly"
    },
    {
        "TradeID":44,
        "Commodity":"Power",
        "TradeType":"BUY",
        "Volume":367.51,
        "Price":134.76,
        "Currency":"EUR",
        "DeliveryStart":"2025-01-11",
        "DeliveryEnd":"2025-02-06",
        "Periodicity":"Quarterly"
    },
    {
        "TradeID":45,
        "Commodity":"Power",
        "TradeType":"BUY",
        "Volume":444.73,
        "Price":105.0,
        "Currency":"USD",
        "DeliveryStart":"2025-01-18",
        "DeliveryEnd":"2025-02-02",
        "Periodicity":"Daily"
    },
    {
        "TradeID":46,
        "Commodity":"Gas",
        "TradeType":"SELL",
        "Volume":68.6,
        "Price":148.38,
        "Currency":"USD",
        "DeliveryStart":"2025-01-15",
        "DeliveryEnd":"2025-01-23",
        "Periodicity":"Monthly"
    },
    {
        "TradeID":47,
        "Commodity":"Power",
        "TradeType":"SELL",
        "Volume":382.78,
        "Price":121.03,
        "Currency":"GBP",
        "DeliveryStart":"2025-01-02",
        "DeliveryEnd":"2025-01-23",
        "Periodicity":"Daily"
    },
    {
        "TradeID":48,
        "Commodity":"Power",
        "TradeType":"BUY",
        "Volume":387.77,
        "Price":108.88,
        "Currency":"USD",
        "DeliveryStart":"2025-01-14",
        "DeliveryEnd":"2025-01-30",
        "Periodicity":"Daily"
    },
    {
        "TradeID":49,
        "Commodity":"Coal",
        "TradeType":"BUY",
        "Volume":266.14,
        "Price":96.96,
        "Currency":"EUR",
        "DeliveryStart":"2025-01-06",
        "DeliveryEnd":"2025-01-19",
        "Periodicity":"Daily"
    },
    {
        "TradeID":50,
        "Commodity":"Power",
        "TradeType":"SELL",
        "Volume":22.46,
        "Price":39.42,
        "Currency":"EUR",
        "DeliveryStart":"2025-01-10",
        "DeliveryEnd":"2025-01-24",
        "Periodicity":"Monthly"
    },
    {
        "TradeID":51,
        "Commodity":"Coal",
        "TradeType":"BUY",
        "Volume":25.4,
        "Price":134.55,
        "Currency":"USD",
        "DeliveryStart":"2025-01-07",
        "DeliveryEnd":"2025-01-09",
        "Periodicity":"Monthly"
    },
    {
        "TradeID":52,
        "Commodity":"Power",
        "TradeType":"SELL",
        "Volume":164.03,
        "Price":111.54,
        "Currency":"USD",
        "DeliveryStart":"2025-01-19",
        "DeliveryEnd":"2025-02-04",
        "Periodicity":"Daily"
    },
    {
        "TradeID":53,
        "Commodity":"Gas",
        "TradeType":"BUY",
        "Volume":454.71,
        "Price":64.87,
        "Currency":"GBP",
        "DeliveryStart":"2025-01-28",
        "DeliveryEnd":"2025-02-03",
        "Periodicity":"Daily"
    },
    {
        "TradeID":54,
        "Commodity":"Power",
        "TradeType":"BUY",
        "Volume":211.09,
        "Price":156.0,
        "Currency":"GBP",
        "DeliveryStart":"2025-01-13",
        "DeliveryEnd":"2025-01-17",
        "Periodicity":"Daily"
    },
    {
        "TradeID":55,
        "Commodity":"Gas",
        "TradeType":"BUY",
        "Volume":122.11,
        "Price":33.86,
        "Currency":"GBP",
        "DeliveryStart":"2025-01-14",
        "DeliveryEnd":"2025-02-05",
        "Periodicity":"Daily"
    },
    {
        "TradeID":56,
        "Commodity":"Oil",
        "TradeType":"SELL",
        "Volume":151.98,
        "Price":49.02,
        "Currency":"USD",
        "DeliveryStart":"2025-01-23",
        "DeliveryEnd":"2025-02-03",
        "Periodicity":"Quarterly"
    },
    {
        "TradeID":57,
        "Commodity":"Gas",
        "TradeType":"SELL",
        "Volume":465.55,
        "Price":165.46,
        "Currency":"EUR",
        "DeliveryStart":"2025-01-22",
        "DeliveryEnd":"2025-02-12",
        "Periodicity":"Daily"
    },
    {
        "TradeID":58,
        "Commodity":"Oil",
        "TradeType":"SELL",
        "Volume":320.37,
        "Price":176.86,
        "Currency":"EUR",
        "DeliveryStart":"2025-01-01",
        "DeliveryEnd":"2025-01-16",
        "Periodicity":"Daily"
    },
    {
        "TradeID":59,
        "Commodity":"Power",
        "TradeType":"BUY",
        "Volume":403.8,
        "Price":53.58,
        "Currency":"GBP",
        "DeliveryStart":"2025-01-17",
        "DeliveryEnd":"2025-01-26",
        "Periodicity":"Daily"
    },
    {
        "TradeID":60,
        "Commodity":"Gas",
        "TradeType":"SELL",
        "Volume":447.35,
        "Price":117.08,
        "Currency":"USD",
        "DeliveryStart":"2025-01-12",
        "DeliveryEnd":"2025-01-22",
        "Periodicity":"Daily"
    },
    {
        "TradeID":61,
        "Commodity":"Gas",
        "TradeType":"SELL",
        "Volume":405.65,
        "Price":181.3,
        "Currency":"GBP",
        "DeliveryStart":"2025-01-10",
        "DeliveryEnd":"2025-01-30",
        "Periodicity":"Quarterly"
    },
    {
        "TradeID":62,
        "Commodity":"Power",
        "TradeType":"SELL",
        "Volume":165.82,
        "Price":39.81,
        "Currency":"GBP",
        "DeliveryStart":"2025-01-31",
        "DeliveryEnd":"2025-03-01",
        "Periodicity":"Daily"
    },
    {
        "TradeID":63,
        "Commodity":"Gas",
        "TradeType":"SELL",
        "Volume":121.69,
        "Price":96.88,
        "Currency":"USD",
        "DeliveryStart":"2025-01-24",
        "DeliveryEnd":"2025-02-11",
        "Periodicity":"Daily"
    },
    {
        "TradeID":64,
        "Commodity":"Gas",
        "TradeType":"SELL",
        "Volume":410.83,
        "Price":174.93,
        "Currency":"EUR",
        "DeliveryStart":"2025-01-07",
        "DeliveryEnd":"2025-01-30",
        "Periodicity":"Quarterly"
    },
    {
        "TradeID":65,
        "Commodity":"Oil",
        "TradeType":"BUY",
        "Volume":13.41,
        "Price":111.93,
        "Currency":"GBP",
        "DeliveryStart":"2025-01-28",
        "DeliveryEnd":"2025-02-06",
        "Periodicity":"Quarterly"
    },
    {
        "TradeID":66,
        "Commodity":"Coal",
        "TradeType":"SELL",
        "Volume":214.53,
        "Price":59.98,
        "Currency":"USD",
        "DeliveryStart":"2025-01-21",
        "DeliveryEnd":"2025-02-04",
        "Periodicity":"Daily"
    },
    {
        "TradeID":67,
        "Commodity":"Oil",
        "TradeType":"BUY",
        "Volume":68.73,
        "Price":80.77,
        "Currency":"USD",
        "DeliveryStart":"2025-01-25",
        "DeliveryEnd":"2025-01-30",
        "Periodicity":"Monthly"
    },
    {
        "TradeID":68,
        "Commodity":"Oil",
        "TradeType":"BUY",
        "Volume":472.03,
        "Price":78.18,
        "Currency":"GBP",
        "DeliveryStart":"2025-01-18",
        "DeliveryEnd":"2025-02-10",
        "Periodicity":"Monthly"
    },
    {
        "TradeID":69,
        "Commodity":"Coal",
        "TradeType":"BUY",
        "Volume":264.21,
        "Price":146.54,
        "Currency":"USD",
        "DeliveryStart":"2025-01-31",
        "DeliveryEnd":"2025-03-01",
        "Periodicity":"Daily"
    },
    {
        "TradeID":70,
        "Commodity":"Gas",
        "TradeType":"BUY",
        "Volume":188.18,
        "Price":194.92,
        "Currency":"EUR",
        "DeliveryStart":"2025-01-18",
        "DeliveryEnd":"2025-01-23",
        "Periodicity":"Quarterly"
    },
    {
        "TradeID":71,
        "Commodity":"Coal",
        "TradeType":"BUY",
        "Volume":481.6,
        "Price":65.32,
        "Currency":"USD",
        "DeliveryStart":"2025-01-12",
        "DeliveryEnd":"2025-02-10",
        "Periodicity":"Monthly"
    },
    {
        "TradeID":72,
        "Commodity":"Power",
        "TradeType":"SELL",
        "Volume":253.65,
        "Price":74.16,
        "Currency":"USD",
        "DeliveryStart":"2025-01-08",
        "DeliveryEnd":"2025-01-30",
        "Periodicity":"Quarterly"
    },
    {
        "TradeID":73,
        "Commodity":"Power",
        "TradeType":"SELL",
        "Volume":149.57,
        "Price":26.64,
        "Currency":"GBP",
        "DeliveryStart":"2025-01-20",
        "DeliveryEnd":"2025-02-13",
        "Periodicity":"Monthly"
    },
    {
        "TradeID":74,
        "Commodity":"Gas",
        "TradeType":"BUY",
        "Volume":308.69,
        "Price":110.48,
        "Currency":"USD",
        "DeliveryStart":"2025-01-29",
        "DeliveryEnd":"2025-02-12",
        "Periodicity":"Daily"
    },
    {
        "TradeID":75,
        "Commodity":"Power",
        "TradeType":"BUY",
        "Volume":35.22,
        "Price":70.16,
        "Currency":"GBP",
        "DeliveryStart":"2025-01-26",
        "DeliveryEnd":"2025-02-25",
        "Periodicity":"Monthly"
    },
    {
        "TradeID":76,
        "Commodity":"Coal",
        "TradeType":"BUY",
        "Volume":455.05,
        "Price":63.12,
        "Currency":"EUR",
        "DeliveryStart":"2025-01-26",
        "DeliveryEnd":"2025-02-18",
        "Periodicity":"Daily"
    },
    {
        "TradeID":77,
        "Commodity":"Power",
        "TradeType":"SELL",
        "Volume":81.0,
        "Price":108.1,
        "Currency":"USD",
        "DeliveryStart":"2025-01-08",
        "DeliveryEnd":"2025-01-15",
        "Periodicity":"Monthly"
    },
    {
        "TradeID":78,
        "Commodity":"Coal",
        "TradeType":"SELL",
        "Volume":492.97,
        "Price":63.57,
        "Currency":"EUR",
        "DeliveryStart":"2025-01-08",
        "DeliveryEnd":"2025-01-09",
        "Periodicity":"Daily"
    },
    {
        "TradeID":79,
        "Commodity":"Gas",
        "TradeType":"SELL",
        "Volume":339.35,
        "Price":157.09,
        "Currency":"EUR",
        "DeliveryStart":"2025-01-28",
        "DeliveryEnd":"2025-01-31",
        "Periodicity":"Monthly"
    },
    {
        "TradeID":80,
        "Commodity":"Oil",
        "TradeType":"SELL",
        "Volume":126.44,
        "Price":151.08,
        "Currency":"GBP",
        "DeliveryStart":"2025-01-13",
        "DeliveryEnd":"2025-02-04",
        "Periodicity":"Quarterly"
    },
    {
        "TradeID":81,
        "Commodity":"Oil",
        "TradeType":"BUY",
        "Volume":190.21,
        "Price":133.82,
        "Currency":"USD",
        "DeliveryStart":"2025-01-06",
        "DeliveryEnd":"2025-01-25",
        "Periodicity":"Monthly"
    },
    {
        "TradeID":82,
        "Commodity":"Oil",
        "TradeType":"BUY",
        "Volume":320.43,
        "Price":116.44,
        "Currency":"USD",
        "DeliveryStart":"2025-01-14",
        "DeliveryEnd":"2025-01-26",
        "Periodicity":"Quarterly"
    },
    {
        "TradeID":83,
        "Commodity":"Oil",
        "TradeType":"SELL",
        "Volume":54.24,
        "Price":170.35,
        "Currency":"GBP",
        "DeliveryStart":"2025-01-04",
        "DeliveryEnd":"2025-01-17",
        "Periodicity":"Quarterly"
    },
    {
        "TradeID":84,
        "Commodity":"Gas",
        "TradeType":"SELL",
        "Volume":167.18,
        "Price":53.57,
        "Currency":"USD",
        "DeliveryStart":"2025-01-14",
        "DeliveryEnd":"2025-01-15",
        "Periodicity":"Quarterly"
    },
    {
        "TradeID":85,
        "Commodity":"Gas",
        "TradeType":"SELL",
        "Volume":29.98,
        "Price":126.36,
        "Currency":"EUR",
        "DeliveryStart":"2025-01-31",
        "DeliveryEnd":"2025-02-22",
        "Periodicity":"Daily"
    },
    {
        "TradeID":86,
        "Commodity":"Oil",
        "TradeType":"SELL",
        "Volume":342.01,
        "Price":22.99,
        "Currency":"GBP",
        "DeliveryStart":"2025-01-24",
        "DeliveryEnd":"2025-02-22",
        "Periodicity":"Daily"
    },
    {
        "TradeID":87,
        "Commodity":"Oil",
        "TradeType":"SELL",
        "Volume":260.93,
        "Price":60.77,
        "Currency":"GBP",
        "DeliveryStart":"2025-01-11",
        "DeliveryEnd":"2025-01-24",
        "Periodicity":"Monthly"
    },
    {
        "TradeID":88,
        "Commodity":"Oil",
        "TradeType":"BUY",
        "Volume":326.13,
        "Price":51.39,
        "Currency":"USD",
        "DeliveryStart":"2025-01-22",
        "DeliveryEnd":"2025-02-04",
        "Periodicity":"Monthly"
    },
    {
        "TradeID":89,
        "Commodity":"Gas",
        "TradeType":"SELL",
        "Volume":348.56,
        "Price":89.61,
        "Currency":"EUR",
        "DeliveryStart":"2025-01-27",
        "DeliveryEnd":"2025-01-28",
        "Periodicity":"Quarterly"
    },
    {
        "TradeID":90,
        "Commodity":"Oil",
        "TradeType":"SELL",
        "Volume":469.0,
        "Price":44.75,
        "Currency":"USD",
        "DeliveryStart":"2025-01-26",
        "DeliveryEnd":"2025-02-14",
        "Periodicity":"Monthly"
    },
    {
        "TradeID":91,
        "Commodity":"Oil",
        "TradeType":"SELL",
        "Volume":177.12,
        "Price":40.43,
        "Currency":"EUR",
        "DeliveryStart":"2025-01-22",
        "DeliveryEnd":"2025-01-29",
        "Periodicity":"Monthly"
    },
    {
        "TradeID":92,
        "Commodity":"Coal",
        "TradeType":"BUY",
        "Volume":463.1,
        "Price":177.92,
        "Currency":"GBP",
        "DeliveryStart":"2025-01-10",
        "DeliveryEnd":"2025-01-27",
        "Periodicity":"Daily"
    },
    {
        "TradeID":93,
        "Commodity":"Oil",
        "TradeType":"BUY",
        "Volume":136.39,
        "Price":138.8,
        "Currency":"USD",
        "DeliveryStart":"2025-01-10",
        "DeliveryEnd":"2025-01-18",
        "Periodicity":"Quarterly"
    },
    {
        "TradeID":94,
        "Commodity":"Gas",
        "TradeType":"BUY",
        "Volume":410.44,
        "Price":119.94,
        "Currency":"USD",
        "DeliveryStart":"2025-01-08",
        "DeliveryEnd":"2025-01-24",
        "Periodicity":"Daily"
    },
    {
        "TradeID":95,
        "Commodity":"Power",
        "TradeType":"SELL",
        "Volume":269.53,
        "Price":63.53,
        "Currency":"EUR",
        "DeliveryStart":"2025-01-19",
        "DeliveryEnd":"2025-01-26",
        "Periodicity":"Quarterly"
    },
    {
        "TradeID":96,
        "Commodity":"Coal",
        "TradeType":"SELL",
        "Volume":55.62,
        "Price":181.5,
        "Currency":"EUR",
        "DeliveryStart":"2025-01-05",
        "DeliveryEnd":"2025-01-26",
        "Periodicity":"Daily"
    },
    {
        "TradeID":97,
        "Commodity":"Power",
        "TradeType":"BUY",
        "Volume":451.2,
        "Price":133.96,
        "Currency":"EUR",
        "DeliveryStart":"2025-01-06",
        "DeliveryEnd":"2025-02-01",
        "Periodicity":"Daily"
    },
    {
        "TradeID":98,
        "Commodity":"Coal",
        "TradeType":"BUY",
        "Volume":176.12,
        "Price":82.86,
        "Currency":"GBP",
        "DeliveryStart":"2025-01-30",
        "DeliveryEnd":"2025-02-27",
        "Periodicity":"Daily"
    },
    {
        "TradeID":99,
        "Commodity":"Power",
        "TradeType":"SELL",
        "Volume":365.72,
        "Price":181.48,
        "Currency":"USD",
        "DeliveryStart":"2025-01-22",
        "DeliveryEnd":"2025-02-08",
        "Periodicity":"Monthly"
    },
    {
        "TradeID":100,
        "Commodity":"Oil",
        "TradeType":"SELL",
        "Volume":444.67,
        "Price":160.38,
        "Currency":"GBP",
        "DeliveryStart":"2025-01-29",
        "DeliveryEnd":"2025-02-15",
        "Periodicity":"Quarterly"
    }
]