<Trades><Trade><TradeID>1</TradeID><Commodity>Power</Commodity><TradeType>BUY</TradeType><Volume>193.52</Volume><Price>191.13</Price><Currency>GBP</Currency><DeliveryStart>2025-01-08</DeliveryStart><DeliveryEnd>2025-01-16</DeliveryEnd><Periodicity>Monthly</Periodicity></Trade><Trade><TradeID>2</TradeID><Commodity>Gas</Commodity><TradeType>BUY</TradeType><Volume>368.68</Volume><Price>127.76</Price><Currency>GBP</Currency><DeliveryStart>2025-01-29</DeliveryStart><DeliveryEnd>2025-02-16</DeliveryEnd><Periodicity>Quarterly</Periodicity></Trade><Trade><TradeID>3</TradeID><Commodity>Power</Commodity><TradeType>SELL</TradeType><Volume>86.45</Volume><Price>48.08</Price><Currency>USD</Currency><DeliveryStart>2025-01-03</DeliveryStart><DeliveryEnd>2025-01-10</DeliveryEnd><Periodicity>Daily</Periodicity></Trade><Trade><TradeID>4</TradeID><Commodity>Gas</Commodity><TradeType>BUY</TradeType><Volume>38.46</Volume><Price>175.91</Price><Currency>GBP</Currency><DeliveryStart>2025-01-23</DeliveryStart><DeliveryEnd>2025-02-13</DeliveryEnd><Periodicity>Daily</Periodicity></Trade><Trade><TradeID>5</TradeID><Commodity>Coal</Commodity><TradeType>BUY</TradeType><Volume>304.55</Volume><Price>147.45</Price><Currency>EUR</Currency><DeliveryStart>2025-01-09</DeliveryStart><DeliveryEnd>2025-02-04</DeliveryEnd><Periodicity>Quarterly</Periodicity></Trade><Trade><TradeID>6</TradeID><Commodity>Power</Commodity><TradeType>BUY</TradeType><Volume>20.09</Volume><Price>194.58</Price><Currency>GBP</Currency><DeliveryStart>2025-01-11</DeliveryStart><DeliveryEnd>2025-01-20</DeliveryEnd><Periodicity>Monthly</Periodicity></Trade><Trade><TradeID>7</TradeID><Commodity>Gas</Commodity><TradeType>BUY</TradeType><Volume>417.9</Volume><Price>58.22</Price><Currency>EUR</Currency><DeliveryStart>2025-01-03</DeliveryStart><DeliveryEnd>2025-01-16</DeliveryEnd><Periodicity>Daily</Periodicity></Trade><Trade><TradeID>8</TradeID><Commodity>Power</Commodity><TradeType>SELL</TradeType><Volume>99.09</Volume><Price>53.01</Price><Currency>EUR</Currency><DeliveryStart>2025-01-09</DeliveryStart><DeliveryEnd>2025-02-04</DeliveryEnd><Periodicity>Quarterly</Periodicity></Trade><Trade><TradeID>9</TradeID><Commodity>Power</Commodity><TradeType>SELL</TradeType><Volume>159.08</Volume><Price>114.46</Price><Currency>GBP</Currency><DeliveryStart>2025-01-30</DeliveryStart><DeliveryEnd>2025-02-12</DeliveryEnd><Periodicity>Daily</Periodicity></Trade><Trade><TradeID>10</TradeID><Commodity>Power</Commodity><TradeType>SELL</TradeType><Volume>221.65</Volume><Price>72.42</Price><Currency>GBP</Currency><DeliveryStart>2025-01-29</DeliveryStart><DeliveryEnd>2025-02-26</DeliveryEnd><Periodicity>Quarterly</Periodicity></Trade><Trade><TradeID>11</TradeID><Commodity>Oil</Commodity><TradeType>BUY</TradeType><Volume>309.81</Volume><Price>45.11</Price><Currency>GBP</Currency><DeliveryStart>2025-01-02</DeliveryStart><DeliveryEnd>2025-01-24</DeliveryEnd><Periodicity>Daily</Periodicity></Trade><Trade><TradeID>12</TradeID><Commodity>Gas</Commodity><TradeType>SELL</TradeType><Volume>153.15</Volume><Price>85.95</Price><Currency>USD</Currency><DeliveryStart>2025-01-28</DeliveryStart><DeliveryEnd>2025-02-01</DeliveryEnd><Periodicity>Daily</Periodicity></Trade><Trade><TradeID>13</TradeID><Commodity>Coal</Commodity><TradeType>SELL</TradeType><Volume>233.47</Volume><Price>161.33</Price><Currency>EUR</Currency><DeliveryStart>2025-01-27</DeliveryStart><DeliveryEnd>2025-02-08</DeliveryEnd><Periodicity>Quarterly</Periodicity></Trade><Trade><TradeID>14</TradeID><Commodity>Gas</Commodity><TradeType>SELL</TradeType><Volume>107.84</Volume><Price>112.56</Price><Currency>EUR</Currency><DeliveryStart>2025-01-22</DeliveryStart><DeliveryEnd>2025-01-31</DeliveryEnd><Periodicity>Daily</Periodicity></Trade><Trade><TradeID>15</TradeID><Commodity>Power</Commodity><TradeType>BUY</TradeType><Volume>300.28</Volume><Price>28.36</Price><Currency>GBP</Currency><DeliveryStart>2025-01-08</DeliveryStart><DeliveryEnd>2025-01-14</DeliveryEnd><Periodicity>Quarterly</Periodicity></Trade><Trade><TradeID>16</TradeID><Commodity>Coal</Commodity><TradeType>SELL</TradeType><Volume>307.7</Volume><Price>50.69</Price><Currency>EUR</Currency><DeliveryStart>2025-01-23</DeliveryStart><DeliveryEnd>2025-02-10</DeliveryEnd><Periodicity>Quarterly</Periodicity></Trade><Trade><TradeID>17</TradeID><Commodity>Gas</Commodity><TradeType>SELL</TradeType><Volume>41.88</Volume><Price>190.8</Price><Currency>USD</Currency><DeliveryStart>2025-01-27</DeliveryStart><DeliveryEnd>2025-01-29</DeliveryEnd><Periodicity>Daily</Periodicity></Trade><Trade><TradeID>18</TradeID><Commodity>Oil</Commodity><TradeType>SELL</TradeType><Volume>483.16</Volume><Price>165.51</Price><Currency>EUR</Currency><DeliveryStart>2025-01-07</DeliveryStart><DeliveryEnd>2025-02-06</DeliveryEnd><Periodicity>Daily</Periodicity></Trade><Trade><TradeID>19</TradeID><Commodity>Oil</Commodity><TradeType>BUY</TradeType><Volume>159.26</Volume><Price>37.58</Price><Currency>GBP</Currency><DeliveryStart>2025-01-13</DeliveryStart><DeliveryEnd>2025-02-11</DeliveryEnd><Periodicity>Monthly</Periodicity></Trade><Trade><TradeID>20</TradeID><Commodity>Coal</Commodity><TradeType>BUY</TradeType><Volume>345.27</Volume><Price>99.23</Price><Currency>EUR</Currency><DeliveryStart>2025-01-08</DeliveryStart><DeliveryEnd>2025-02-01</DeliveryEnd><Periodicity>Daily</Periodicity></Trade><Trade><TradeID>21</TradeID><Commodity>Oil</Commodity><TradeType>SELL</TradeType><Volume>69.8</Volume><Price>109.13</Price><Currency>GBP</Currency><DeliveryStart>2025-01-12</DeliveryStart><DeliveryEnd>2025-01-20</DeliveryEnd><Periodicity>Monthly</Periodicity></Trade><Trade><TradeID>22</TradeID><Commodity>Gas</Commodity><TradeType>SELL</TradeType><Volume>26.85</Volume><Price>183.68</Price><Currency>USD</Currency><DeliveryStart>2025-01-28</DeliveryStart><DeliveryEnd>2025-02-01</DeliveryEnd><Periodicity>Daily</Periodicity></Trade><Trade><TradeID>23</TradeID><Commodity>Gas</Commodity><TradeType>BUY</TradeType><Volume>136.8</Volume><Price>139.25</Price><Currency>GBP</Currency><DeliveryStart>2025-01-20</DeliveryStart><DeliveryEnd>2025-01-23</DeliveryEnd><Periodicity>Monthly</Periodicity></Trade><Trade><TradeID>24</TradeID><Commodity>Coal</Commodity><TradeType>SELL</TradeType><Volume>162.74</Volume><Price>113.61</Price><Currency>GBP</Currency><DeliveryStart>2025-01-17</DeliveryStart><DeliveryEnd>2025-01-26</DeliveryEnd><Periodicity>Monthly</Periodicity></Trade><Trade><TradeID>25</TradeID><Commodity>Power</Commodity><TradeType>BUY</TradeType><Volume>277.89</Volume><Price>53.27</Price><Currency>GBP</Currency><DeliveryStart>2025-01-25</DeliveryStart><DeliveryEnd>2025-02-03</DeliveryEnd><Periodicity>Quarterly</Periodicity></Trade><Trade><TradeID>26</TradeID><Commodity>Oil</Commodity><TradeType>BUY</TradeType><Volume>485.1</Volume><Price>159.52</Price><Currency>EUR</Currency><DeliveryStart>2025-01-06</DeliveryStart><DeliveryEnd>2025-01-21</DeliveryEnd><Periodicity>Monthly</Periodicity></Trade><Trade><TradeID>27</TradeID><Commodity>Power</Commodity><TradeType>SELL</TradeType><Volume>470.35</Volume><Price>181.07</Price><Currency>GBP</Currency><DeliveryStart>2025-01-17</DeliveryStart><DeliveryEnd>2025-02-16</DeliveryEnd><Periodicity>Daily</Periodicity></Trade><Trade><TradeID>28</TradeID><Commodity>Power</Commodity><TradeType>SELL</TradeType><Volume>302.97</Volume><Price>185.94</Price><Currency>GBP</Currency><DeliveryStart>2025-01-20</DeliveryStart><DeliveryEnd>2025-01-27</DeliveryEnd><Periodicity>Quarterly</Periodicity></Trade><Trade><TradeID>29</TradeID><Commodity>Gas</Commodity><TradeType>SELL</TradeType><Volume>53.36</Volume><Price>55.28</Price><Currency>USD</Currency><DeliveryStart>2025-01-31</DeliveryStart><DeliveryEnd>2025-02-25</DeliveryEnd><Periodicity>Quarterly</Periodicity></Trade><Trade><TradeID>30</TradeID><Commodity>Power</Commodity><TradeType>SELL</TradeType><Volume>32.16</Volume><Price>78.56</Price><Currency>EUR</Currency><DeliveryStart>2025-01-04</DeliveryStart><DeliveryEnd>2025-02-03</DeliveryEnd><Periodicity>Daily</Periodicity></Trade><Trade><TradeID>31</TradeID><Commodity>Oil</Commodity><TradeType>SELL</TradeType><Volume>200.45</Volume><Price>68.84</Price><Currency>USD</Currency><DeliveryStart>2025-01-08</DeliveryStart><DeliveryEnd>2025-02-06</DeliveryEnd><Periodicity>Daily</Periodicity></Trade><Trade><TradeID>32</TradeID><Commodity>Power</Commodity><TradeType>BUY</TradeType><Volume>416.08</Volume><Price>84.22</Price><Currency>GBP</Currency><DeliveryStart>2025-01-27</DeliveryStart><DeliveryEnd>2025-01-30</DeliveryEnd><Periodicity>Monthly</Periodicity></Trade><Trade><TradeID>33</TradeID><Commodity>Gas</Commodity><TradeType>BUY</TradeType><Volume>147.66</Volume><Price>117.69</Price><Currency>GBP</Currency><DeliveryStart>2025-01-31</DeliveryStart><DeliveryEnd>2025-02-18</DeliveryEnd><Periodicity>Monthly</Periodicity></Trade><Trade><TradeID>34</TradeID><Commodity>Gas</Commodity><TradeType>SELL</TradeType><Volume>79.05</Volume><Price>164.4</Price><Currency>GBP</Currency><DeliveryStart>2025-01-14</DeliveryStart><DeliveryEnd>2025-01-21</DeliveryEnd><Periodicity>Quarterly</Periodicity></Trade><Trade><TradeID>35</TradeID><Commodity>Gas</Commodity><TradeType>SELL</TradeType><Volume>46.53</Volume><Price>197.64</Price><Currency>EUR</Currency><DeliveryStart>2025-01-21</DeliveryStart><DeliveryEnd>2025-02-02</DeliveryEnd><Periodicity>Quarterly</Periodicity></Trade><Trade><TradeID>36</TradeID><Commodity>Coal</Commodity><TradeType>SELL</TradeType><Volume>388.4</Volume><Price>55.77</Price><Currency>USD</Currency><DeliveryStart>2025-01-08</DeliveryStart><DeliveryEnd>2025-01-11</DeliveryEnd><Periodicity>Daily</Periodicity></Trade><Trade><TradeID>37</TradeID><Commodity>Oil</Commodity><TradeType>BUY</TradeType><Volume>12.71</Volume><Price>166.78</Price><Currency>GBP</Currency><DeliveryStart>2025-01-08</DeliveryStart><DeliveryEnd>2025-01-27</DeliveryEnd><Periodicity>Quarterly</Periodicity></Trade><Trade><TradeID>38</TradeID><Commodity>Gas</Commodity><TradeType>BUY</TradeType><Volume>356.36</Volume><Price>151.22</Price><Currency>USD</Currency><DeliveryStart>2025-01-21</DeliveryStart><DeliveryEnd>2025-01-23</DeliveryEnd><Periodicity>Quarterly</Periodicity></Trade><Trade><TradeID>39</TradeID><Commodity>Gas</Commodity><TradeType>BUY</TradeType><Volume>387.92</Volume><Price>33.33</Price><Currency>USD</Currency><DeliveryStart>2025-01-03</DeliveryStart><DeliveryEnd>2025-01-20</DeliveryEnd><Periodicity>Monthly</Periodicity></Trade><Trade><TradeID>40</TradeID><Commodity>Gas</Commodity><TradeType>SELL</TradeType><Volume>185.65</Volume><Price>40.86</Price><Currency>GBP</Currency><DeliveryStart>2025-01-07</DeliveryStart><DeliveryEnd>2025-01-25</DeliveryEnd><Periodicity>Monthly</Periodicity></Trade><Trade><TradeID>41</TradeID><Commodity>Gas</Commodity><TradeType>SELL</TradeType><Volume>432.92</Volume><Price>132.19</Price><Currency>USD</Currency><DeliveryStart>2025-01-26</DeliveryStart><DeliveryEnd>2025-02-09</DeliveryEnd><Periodicity>Monthly</Periodicity></Trade><Trade><TradeID>42</TradeID><Commodity>Gas</Commodity><TradeType>BUY</TradeType><Volume>172.14</Volume><Price>31.44</Price><Currency>USD</Currency><DeliveryStart>2025-01-14</DeliveryStart><DeliveryEnd>2025-01-26</DeliveryEnd><Periodicity>Quarterly</Periodicity></Trade><Trade><TradeID>43</TradeID><Commodity>Coal</Commodity><TradeType>SELL</TradeType><Volume>162.38</Volume><Price>78.53</Price><Currency>EUR</Currency><DeliveryStart>2025-01-02</DeliveryStart><DeliveryEnd>2025-01-24</DeliveryEnd><Periodicity>Quarterly</Periodicity></Trade><Trade><TradeID>44</TradeID><Commodity>Power</Commodity><TradeType>BUY</TradeType><Volume>367.51</Volume><Price>134.76</Price><Currency>EUR</Currency><DeliveryStart>2025-01-11</DeliveryStart><DeliveryEnd>2025-02-06</DeliveryEnd><Periodicity>Quarterly</Periodicity></Trade><Trade><TradeID>45</TradeID><Commodity>Power</Commodity><TradeType>BUY</TradeType><Volume>444.73</Volume><Price>105.0</Price><Currency>USD</Currency><DeliveryStart>2025-01-18</DeliveryStart><DeliveryEnd>2025-02-02</DeliveryEnd><Periodicity>Daily</Periodicity></Trade><Trade><TradeID>46</TradeID><Commodity>Gas</Commodity><TradeType>SELL</TradeType><Volume>68.6</Volume><Price>148.38</Price><Currency>USD</Currency><DeliveryStart>2025-01-15</DeliveryStart><DeliveryEnd>2025-01-23</DeliveryEnd><Periodicity>Monthly</Periodicity></Trade><Trade><TradeID>47</TradeID><Commodity>Power</Commodity><TradeType>SELL</TradeType><Volume>382.78</Volume><Price>121.03</Price><Currency>GBP</Currency><DeliveryStart>2025-01-02</DeliveryStart><DeliveryEnd>2025-01-23</DeliveryEnd><Periodicity>Daily</Periodicity></Trade><Trade><TradeID>48</TradeID><Commodity>Power</Commodity><TradeType>BUY</TradeType><Volume>387.77</Volume><Price>108.88</Price><Currency>USD</Currency><DeliveryStart>2025-01-14</DeliveryStart><DeliveryEnd>2025-01-30</DeliveryEnd><Periodicity>Daily</Periodicity></Trade><Trade><TradeID>49</TradeID><Commodity>Coal</Commodity><TradeType>BUY</TradeType><Volume>266.14</Volume><Price>96.96</Price><Currency>EUR</Currency><DeliveryStart>2025-01-06</DeliveryStart><DeliveryEnd>2025-01-19</DeliveryEnd><Periodicity>Daily</Periodicity></Trade><Trade><TradeID>50</TradeID><Commodity>Power</Commodity><TradeType>SELL</TradeType><Volume>22.46</Volume><Price>39.42</Price><Currency>EUR</Currency><DeliveryStart>2025-01-10</DeliveryStart><DeliveryEnd>2025-01-24</DeliveryEnd><Periodicity>Monthly</Periodicity></Trade><Trade><TradeID>51</TradeID><Commodity>Coal</Commodity><TradeType>BUY</TradeType><Volume>25.4</Volume><Price>134.55</Price><Currency>USD</Currency><DeliveryStart>2025-01-07</DeliveryStart><DeliveryEnd>2025-01-09</DeliveryEnd><Periodicity>Monthly</Periodicity></Trade><Trade><TradeID>52</TradeID><Commodity>Power</Commodity><TradeType>SELL</TradeType><Volume>164.03</Volume><Price>111.54</Price><Currency>USD</Currency><DeliveryStart>2025-01-19</DeliveryStart><DeliveryEnd>2025-02-04</DeliveryEnd><Periodicity>Daily</Periodicity></Trade><Trade><TradeID>53</TradeID><Commodity>Gas</Commodity><TradeType>BUY</TradeType><Volume>454.71</Volume><Price>64.87</Price><Currency>GBP</Currency><DeliveryStart>2025-01-28</DeliveryStart><DeliveryEnd>2025-02-03</DeliveryEnd><Periodicity>Daily</Periodicity></Trade><Trade><TradeID>54</TradeID><Commodity>Power</Commodity><TradeType>BUY</TradeType><Volume>211.09</Volume><Price>156.0</Price><Currency>GBP</Currency><DeliveryStart>2025-01-13</DeliveryStart><DeliveryEnd>2025-01-17</DeliveryEnd><Periodicity>Daily</Periodicity></Trade><Trade><TradeID>55</TradeID><Commodity>Gas</Commodity><TradeType>BUY</TradeType><Volume>122.11</Volume><Price>33.86</Price><Currency>GBP</Currency><DeliveryStart>2025-01-14</DeliveryStart><DeliveryEnd>2025-02-05</DeliveryEnd><Periodicity>Daily</Periodicity></Trade><Trade><TradeID>56</TradeID><Commodity>Oil</Commodity><TradeType>SELL</TradeType><Volume>151.98</Volume><Price>49.02</Price><Currency>USD</Currency><DeliveryStart>2025-01-23</DeliveryStart><DeliveryEnd>2025-02-03</DeliveryEnd><Periodicity>Quarterly</Periodicity></Trade><Trade><TradeID>57</TradeID><Commodity>Gas</Commodity><TradeType>SELL</TradeType><Volume>465.55</Volume><Price>165.46</Price><Currency>EUR</Currency><DeliveryStart>2025-01-22</DeliveryStart><DeliveryEnd>2025-02-12</DeliveryEnd><Periodicity>Daily</Periodicity></Trade><Trade><TradeID>58</TradeID><Commodity>Oil</Commodity><TradeType>SELL</TradeType><Volume>320.37</Volume><Price>176.86</Price><Currency>EUR</Currency><DeliveryStart>2025-01-01</DeliveryStart><DeliveryEnd>2025-01-16</DeliveryEnd><Periodicity>Daily</Periodicity></Trade><Trade><TradeID>59</TradeID><Commodity>Power</Commodity><TradeType>BUY</TradeType><Volume>403.8</Volume><Price>53.58</Price><Currency>GBP</Currency><DeliveryStart>2025-01-17</DeliveryStart><DeliveryEnd>2025-01-26</DeliveryEnd><Periodicity>Daily</Periodicity></Trade><Trade><TradeID>60</TradeID><Commodity>Gas</Commodity><TradeType>SELL</TradeType><Volume>447.35</Volume><Price>117.08</Price><Currency>USD</Currency><DeliveryStart>2025-01-12</DeliveryStart><DeliveryEnd>2025-01-22</DeliveryEnd><Periodicity>Daily</Periodicity></Trade><Trade><TradeID>61</TradeID><Commodity>Gas</Commodity><TradeType>SELL</TradeType><Volume>405.65</Volume><Price>181.3</Price><Currency>GBP</Currency><DeliveryStart>2025-01-10</DeliveryStart><DeliveryEnd>2025-01-30</DeliveryEnd><Periodicity>Quarterly</Periodicity></Trade><Trade><TradeID>62</TradeID><Commodity>Power</Commodity><TradeType>SELL</TradeType><Volume>165.82</Volume><Price>39.81</Price><Currency>GBP</Currency><DeliveryStart>2025-01-31</DeliveryStart><DeliveryEnd>2025-03-01</DeliveryEnd><Periodicity>Daily</Periodicity></Trade><Trade><TradeID>63</TradeID><Commodity>Gas</Commodity><TradeType>SELL</TradeType><Volume>121.69</Volume><Price>96.88</Price><Currency>USD</Currency><DeliveryStart>2025-01-24</DeliveryStart><DeliveryEnd>2025-02-11</DeliveryEnd><Periodicity>Daily</Periodicity></Trade><Trade><TradeID>64</TradeID><Commodity>Gas</Commodity><TradeType>SELL</TradeType><Volume>410.83</Volume><Price>174.93</Price><Currency>EUR</Currency><DeliveryStart>2025-01-07</DeliveryStart><DeliveryEnd>2025-01-30</DeliveryEnd><Periodicity>Quarterly</Periodicity></Trade><Trade><TradeID>65</TradeID><Commodity>Oil</Commodity><TradeType>BUY</TradeType><Volume>13.41</Volume><Price>111.93</Price><Currency>GBP</Currency><DeliveryStart>2025-01-28</DeliveryStart><DeliveryEnd>2025-02-06</DeliveryEnd><Periodicity>Quarterly</Periodicity></Trade><Trade><TradeID>66</TradeID><Commodity>Coal</Commodity><TradeType>SELL</TradeType><Volume>214.53</Volume><Price>59.98</Price><Currency>USD</Currency><DeliveryStart>2025-01-21</DeliveryStart><DeliveryEnd>2025-02-04</DeliveryEnd><Periodicity>Daily</Periodicity></Trade><Trade><TradeID>67</TradeID><Commodity>Oil</Commodity><TradeType>BUY</TradeType><Volume>68.73</Volume><Price>80.77</Price><Currency>USD</Currency><DeliveryStart>2025-01-25</DeliveryStart><DeliveryEnd>2025-01-30</DeliveryEnd><Periodicity>Monthly</Periodicity></Trade><Trade><TradeID>68</TradeID><Commodity>Oil</Commodity><TradeType>BUY</TradeType><Volume>472.03</Volume><Price>78.18</Price><Currency>GBP</Currency><DeliveryStart>2025-01-18</DeliveryStart><DeliveryEnd>2025-02-10</DeliveryEnd><Periodicity>Monthly</Periodicity></Trade><Trade><TradeID>69</TradeID><Commodity>Coal</Commodity><TradeType>BUY</TradeType><Volume>264.21</Volume><Price>146.54</Price><Currency>USD</Currency><DeliveryStart>2025-01-31</DeliveryStart><DeliveryEnd>2025-03-01</DeliveryEnd><Periodicity>Daily</Periodicity></Trade><Trade><TradeID>70</TradeID><Commodity>Gas</Commodity><TradeType>BUY</TradeType><Volume>188.18</Volume><Price>194.92</Price><Currency>EUR</Currency><DeliveryStart>2025-01-18</DeliveryStart><DeliveryEnd>2025-01-23</DeliveryEnd><Periodicity>Quarterly</Periodicity></Trade><Trade><TradeID>71</TradeID><Commodity>Coal</Commodity><TradeType>BUY</TradeType><Volume>481.6</Volume><Price>65.32</Price><Currency>USD</Currency><DeliveryStart>2025-01-12</DeliveryStart><DeliveryEnd>2025-02-10</DeliveryEnd><Periodicity>Monthly</Periodicity></Trade><Trade><TradeID>72</TradeID><Commodity>Power</Commodity><TradeType>SELL</TradeType><Volume>253.65</Volume><Price>74.16</Price><Currency>USD</Currency><DeliveryStart>2025-01-08</DeliveryStart><DeliveryEnd>2025-01-30</DeliveryEnd><Periodicity>Quarterly</Periodicity></Trade><Trade><TradeID>73</TradeID><Commodity>Power</Commodity><TradeType>SELL</TradeType><Volume>149.57</Volume><Price>26.64</Price><Currency>GBP</Currency><DeliveryStart>2025-01-20</DeliveryStart><DeliveryEnd>2025-02-13</DeliveryEnd><Periodicity>Monthly</Periodicity></Trade><Trade><TradeID>74</TradeID><Commodity>Gas</Commodity><TradeType>BUY</TradeType><Volume>308.69</Volume><Price>110.48</Price><Currency>USD</Currency><DeliveryStart>2025-01-29</DeliveryStart><DeliveryEnd>2025-02-12</DeliveryEnd><Periodicity>Daily</Periodicity></Trade><Trade><TradeID>75</TradeID><Commodity>Power</Commodity><TradeType>BUY</TradeType><Volume>35.22</Volume><Price>70.16</Price><Currency>GBP</Currency><DeliveryStart>2025-01-26</DeliveryStart><DeliveryEnd>2025-02-25</DeliveryEnd><Periodicity>Monthly</Periodicity></Trade><Trade><TradeID>76</TradeID><Commodity>Coal</Commodity><TradeType>BUY</TradeType><Volume>455.05</Volume><Price>63.12</Price><Currency>EUR</Currency><DeliveryStart>2025-01-26</DeliveryStart><DeliveryEnd>2025-02-18</DeliveryEnd><Periodicity>Daily</Periodicity></Trade><Trade><TradeID>77</TradeID><Commodity>Power</Commodity><TradeType>SELL</TradeType><Volume>81.0</Volume><Price>108.1</Price><Currency>USD</Currency><DeliveryStart>2025-01-08</DeliveryStart><DeliveryEnd>2025-01-15</DeliveryEnd><Periodicity>Monthly</Periodicity></Trade><Trade><TradeID>78</TradeID><Commodity>Coal</Commodity><TradeType>SELL</TradeType><Volume>492.97</Volume><Price>63.57</Price><Currency>EUR</Currency><DeliveryStart>2025-01-08</DeliveryStart><DeliveryEnd>2025-01-09</DeliveryEnd><Periodicity>Daily</Periodicity></Trade><Trade><TradeID>79</TradeID><Commodity>Gas</Commodity><TradeType>SELL</TradeType><Volume>339.35</Volume><Price>157.09</Price><Currency>EUR</Currency><DeliveryStart>2025-01-28</DeliveryStart><DeliveryEnd>2025-01-31</DeliveryEnd><Periodicity>Monthly</Periodicity></Trade><Trade><TradeID>80</TradeID><Commodity>Oil</Commodity><TradeType>SELL</TradeType><Volume>126.44</Volume><Price>151.08</Price><Currency>GBP</Currency><DeliveryStart>2025-01-13</DeliveryStart><DeliveryEnd>2025-02-04</DeliveryEnd><Periodicity>Quarterly</Periodicity></Trade><Trade><TradeID>81</TradeID><Commodity>Oil</Commodity><TradeType>BUY</TradeType><Volume>190.21</Volume><Price>133.82</Price><Currency>USD</Currency><DeliveryStart>2025-01-06</DeliveryStart><DeliveryEnd>2025-01-25</DeliveryEnd><Periodicity>Monthly</Periodicity></Trade><Trade><TradeID>82</TradeID><Commodity>Oil</Commodity><TradeType>BUY</TradeType><Volume>320.43</Volume><Price>116.44</Price><Currency>USD</Currency><DeliveryStart>2025-01-14</DeliveryStart><DeliveryEnd>2025-01-26</DeliveryEnd><Periodicity>Quarterly</Periodicity></Trade><Trade><TradeID>83</TradeID><Commodity>Oil</Commodity><TradeType>SELL</TradeType><Volume>54.24</Volume><Price>170.35</Price><Currency>GBP</Currency><DeliveryStart>2025-01-04</DeliveryStart><DeliveryEnd>2025-01-17</DeliveryEnd><Periodicity>Quarterly</Periodicity></Trade><Trade><TradeID>84</TradeID><Commodity>Gas</Commodity><TradeType>SELL</TradeType><Volume>167.18</Volume><Price>53.57</Price><Currency>USD</Currency><DeliveryStart>2025-01-14</DeliveryStart><DeliveryEnd>2025-01-15</DeliveryEnd><Periodicity>Quarterly</Periodicity></Trade><Trade><TradeID>85</TradeID><Commodity>Gas</Commodity><TradeType>SELL</TradeType><Volume>29.98</Volume><Price>126.36</Price><Currency>EUR</Currency><DeliveryStart>2025-01-31</DeliveryStart><DeliveryEnd>2025-02-22</DeliveryEnd><Periodicity>Daily</Periodicity></Trade><Trade><TradeID>86</TradeID><Commodity>Oil</Commodity><TradeType>SELL</TradeType><Volume>342.01</Volume><Price>22.99</Price><Currency>GBP</Currency><DeliveryStart>2025-01-24</DeliveryStart><DeliveryEnd>2025-02-22</DeliveryEnd><Periodicity>Daily</Periodicity></Trade><Trade><TradeID>87</TradeID><Commodity>Oil</Commodity><TradeType>SELL</TradeType><Volume>260.93</Volume><Price>60.77</Price><Currency>GBP</Currency><DeliveryStart>2025-01-11</DeliveryStart><DeliveryEnd>2025-01-24</DeliveryEnd><Periodicity>Monthly</Periodicity></Trade><Trade><TradeID>88</TradeID><Commodity>Oil</Commodity><TradeType>BUY</TradeType><Volume>326.13</Volume><Price>51.39</Price><Currency>USD</Currency><DeliveryStart>2025-01-22</DeliveryStart><DeliveryEnd>2025-02-04</DeliveryEnd><Periodicity>Monthly</Periodicity></Trade><Trade><TradeID>89</TradeID><Commodity>Gas</Commodity><TradeType>SELL</TradeType><Volume>348.56</Volume><Price>89.61</Price><Currency>EUR</Currency><DeliveryStart>2025-01-27</DeliveryStart><DeliveryEnd>2025-01-28</DeliveryEnd><Periodicity>Quarterly</Periodicity></Trade><Trade><TradeID>90</TradeID><Commodity>Oil</Commodity><TradeType>SELL</TradeType><Volume>469.0</Volume><Price>44.75</Price><Currency>USD</Currency><DeliveryStart>2025-01-26</DeliveryStart><DeliveryEnd>2025-02-14</DeliveryEnd><Periodicity>Monthly</Periodicity></Trade><Trade><TradeID>91</TradeID><Commodity>Oil</Commodity><TradeType>SELL</TradeType><Volume>177.12</Volume><Price>40.43</Price><Currency>EUR</Currency><DeliveryStart>2025-01-22</DeliveryStart><DeliveryEnd>2025-01-29</DeliveryEnd><Periodicity>Monthly</Periodicity></Trade><Trade><TradeID>92</TradeID><Commodity>Coal</Commodity><TradeType>BUY</TradeType><Volume>463.1</Volume><Price>177.92</Price><Currency>GBP</Currency><DeliveryStart>2025-01-10</DeliveryStart><DeliveryEnd>2025-01-27</DeliveryEnd><Periodicity>Daily</Periodicity></Trade><Trade><TradeID>93</TradeID><Commodity>Oil</Commodity><TradeType>BUY</TradeType><Volume>136.39</Volume><Price>138.8</Price><Currency>USD</Currency><DeliveryStart>2025-01-10</DeliveryStart><DeliveryEnd>2025-01-18</DeliveryEnd><Periodicity>Quarterly</Periodicity></Trade><Trade><TradeID>94</TradeID><Commodity>Gas</Commodity><TradeType>BUY</TradeType><Volume>410.44</Volume><Price>119.94</Price><Currency>USD</Currency><DeliveryStart>2025-01-08</DeliveryStart><DeliveryEnd>2025-01-24</DeliveryEnd><Periodicity>Daily</Periodicity></Trade><Trade><TradeID>95</TradeID><Commodity>Power</Commodity><TradeType>SELL</TradeType><Volume>269.53</Volume><Price>63.53</Price><Currency>EUR</Currency><DeliveryStart>2025-01-19</DeliveryStart><DeliveryEnd>2025-01-26</DeliveryEnd><Periodicity>Quarterly</Periodicity></Trade><Trade><TradeID>96</TradeID><Commodity>Coal</Commodity><TradeType>SELL</TradeType><Volume>55.62</Volume><Price>181.5</Price><Currency>EUR</Currency><DeliveryStart>2025-01-05</DeliveryStart><DeliveryEnd>2025-01-26</DeliveryEnd><Periodicity>Daily</Periodicity></Trade><Trade><TradeID>97</TradeID><Commodity>Power</Commodity><TradeType>BUY</TradeType><Volume>451.2</Volume><Price>133.96</Price><Currency>EUR</Currency><DeliveryStart>2025-01-06</DeliveryStart><DeliveryEnd>2025-02-01</DeliveryEnd><Periodicity>Daily</Periodicity></Trade><Trade><TradeID>98</TradeID><Commodity>Coal</Commodity><TradeType>BUY</TradeType><Volume>176.12</Volume><Price>82.86</Price><Currency>GBP</Currency><DeliveryStart>2025-01-30</DeliveryStart><DeliveryEnd>2025-02-27</DeliveryEnd><Periodicity>Daily</Periodicity></Trade><Trade><TradeID>99</TradeID><Commodity>Power</Commodity><TradeType>SELL</TradeType><Volume>365.72</Volume><Price>181.48</Price><Currency>USD</Currency><DeliveryStart>2025-01-22</DeliveryStart><DeliveryEnd>2025-02-08</DeliveryEnd><Periodicity>Monthly</Periodicity></Trade><Trade><TradeID>100</TradeID><Commodity>Oil</Commodity><TradeType>SELL</TradeType><Volume>444.67</Volume><Price>160.38</Price><Currency>GBP</Currency><DeliveryStart>2025-01-29</DeliveryStart><DeliveryEnd>2025-02-15</DeliveryEnd><Periodicity>Quarterly</Periodicity></Trade></Trades>